﻿<?xml version="1.0" encoding="UTF-8" standalone="yes"?>
<Picture>
	<PictureVariant name="ecsSend_85.png" screenDensity="bldpi"/>
	<PictureVariant name="ecsSend_100.png" screenDensity="ldpi"/>
	<PictureVariant name="ecsSend_125.png" screenDensity="aldpi"/>
	<PictureVariant name="ecsSend_150.png" screenDensity="mdpi"/>
	<PictureVariant name="ecsSend_175.png" screenDensity="amdpi"/>
	<PictureVariant name="ecsSend_200.png" screenDensity="hdpi"/>
	<PictureVariant name="ecsSend_300.png" screenDensity="xdpi"/>
	<PictureVariant name="ecsSend_400.png" screenDensity="udpi"/>
</Picture>
